4	Is there a reason why we should travel alone?	What is your New Years Resolution?	Which liquid roof sealant is the best cost or value for a rolled shingle flat roof that is easy to apply?	What is your opinion on PM Narendra Modi's decision to ban INR 500 and INR 1000 notes?	Can I pass a urine test for meth in 56 hrs?	What are some reasons to travel alone?
3	I am 25 year old guy and never had a girlfriend. Is this weird?	What book should you read before you die?	What is it like to live in Denmark?	I had sex like 4 days ago and we didn't use a condom. I'm scared he didn't pull out fast enough. Could I be pregnant?	I am 25 years old. I have never had a girlfriend. Is something wrong with me?	How can someone overcome servere social anxiety?
0	"What does a good answer on Quora look like? What does it mean to ""be helpful""?"	How do you write a good answer on Quora?	What is a good solar panel installation provider near Lemon Cove, California CA?	Is Dry orgasm for a male teen normal?	How do you make the perfect Hungarian Goulash?	What does it mean when a guy turns around to look at you? Is he interested or checking me out?
2	What are the best things to do in Hong Kong?	Why are fighter aircraft still used if antiaircraft missiles are so effective?	Why were my last few questions I asked marked as needing improvement?	What is the best thing in Hong Kong?	Why do masturbation causes hair fall in 90% men but not for women?	What is the most irritating thing on Quora?
3	Which is the best gaming laptop under 40k?	How can I know it my long distance boyfriend is cheating on me or not?	Which quads/ATV are street-legal in the US?	What are some of the ways you can calculate a discount percentage?	Which is the best gaming laptop under 40,000 rs?	How can you teach the importance of why we must recycle?
1	What was the deadliest battle in history?	How useful has Khan Academy been to you?	What was the bloodiest battle in history?	What should you do if you think you love someone other than your husband?	Is Bizbilla.com the best source of information for suppliers?	are aliens real or are they fake ?
3	What are your views about demonetisation in India?	What is the reason many engineering students can't get job?	If you could change one feature of yourself, what would it be?	When is the new MacBook Pro rumored to release?	What do you think about the ban on 500 and 1000 denomination notes in India?	How can I lose weight in 21 days?
1	Is it a bad time to buy a condo or a house in the Bay Area in 2017?	What's the difference between cd and DVD?	Would 2017 be a good time to buy a house in Bay Area?	What the purpose of life on earth?	How can I hitchhike through Europe?	What can I do to improve my chances of getting into an Ivy League school?
3	What is the Sahara, and how do the average temperatures there compare to the ones in the Patagonian Desert?	What nonprofits are leading the way in a nonviolent consumer revolution?	Which franchise I can get in Rs 25000?	How can one wake up early in the morning?	What is the Sahara, and how do the average temperatures there compare to the ones in the Registan Desert?	What is more effective in terms of losing weight.. trade mil or running in the ground?
2	What books should I read as an aspiring entrepreneur?	What are haploid and diploid cells?	How many of you read on wattpad?	What are the top books an aspiring teen entrepreneur should read?	Is experience certificate a mandatory valid proof of work-ex for admission into IIMs during GD/PI or later?	How can I know for sure that I am an introvert?
2	If universe is expanding without a limit and dark and vacuum energy are created as it expands…?	Where do cottonmouth snakes typically hibernate?	What are Sodexo coupons? Why does a company give Sodexo coupons to its employees? What's the business model of Sudexo?	If universe can expand without limit and it creates dark/vacuum/gravitational energy with it,then is the potential energy infinite?	Is a Masters in management (MiM) Worth doing from USA? If Yes, Please Enlighten About Its Pros & Cons. (For A B.Com Pass out Student specifically).	Could the arrow of time associated with the Big Bang actually be the time associated with the outflow of a universal black hole?
3	What people who you've never met have influenced your life the most?	I love my best friend but she said she don't have feelings for me.I really love her and I dont want anyone else in my lyf. What should I do now?	When do you know when it's time to break up with someone?	What things do we need to improve in our philippine national police?	Who are people you have never met who have had the greatest influence on your life?	What is the Samsung Galaxy S4 Zoom?
0	Are vacuum fluctuations occuring because the energy in vacuum? Are these virtual particles?	Do virtual particles and energy in vacuum really exist? Can we observe them? Where? When?	If humans evolved from monkeys then why are monkeys still around?	What does F.O.A.M. stand for?	What is the difference between a synchronous machine and an induction machine?	What are some of the best luxury resorts in Jaipur?
4	I'm going to be US President one day. What should I start doing now to achieve this?	What does it feel like to have low self esteem?	What is wrong with Indian education system? How can we improve it?	What is an intuitive explanation of upper hemicontinuity and lower hemicontinuity?	Who is currently the most famous person alive? Who is in the top 10?	I'm 16 and I want to become the US president someday. What should I start doing?
2	Why MS Dhoni leave captaincy of ODI & T-20?	What is the effect of demonetization on bank loan interest rates?	Labrador Retrievers: Can a 3 month old puppy handle being alone at home for 8 hours (3 days a week)?	Why does M.S Dhoni left captaincy for ODI and T20?	What is the scope of an electronics and communications engineer in India?	What is the best time to start CAT preparation?
0	are aliens real or are they fake ?	Do aliens exists?	Social History: When did Americans start giving birthday gifts?	Where can I get very reliable furniture removal services in Central Coast?	Can women reach an orgasm from anal sex?	Why do some people use Quora when a dictionary or Google could be used instead?
4	Where can I buy special flavor cupcake at Gold Coast?	What are the best interview questions that are tricky and require presence of mind to answer them?	Where are the best places to earn certifications in marketing online?	How is life in Gurgaon?	Is there a way to check if an email address has been made recently?	Where can I found different flavours for cupcakes at Gold Coast?
3	Does marijuana cause cancer?	Has any Quora user been physically present at a lecture given by Prof. Herb Gross at MIT?	Do you have to be a resident to open up a bank account in Denmark?	What is sovereign Immunity, and why do we have it?	How can smoking marijuana give you lung cancer?	What are the books that one should must read?
1	What are the procedures for becoming an actuary?	What is funniest joke you've ever heard?	What is the procedure of becoming an actuary?	Is there corruption in Red Cross?	How Natalie Portman helps empower women’s in Kenya People?	How do I find my xfinity password?
0	What are the best tips for outlining/planning a novel?	How do I best outline my novel?	How can I lose weight loss?	If you use a condom and don't use birth control, will you get pregnant?	Who do you think will win the 2016 US presidential elections and whom do you want to win and why?	What should be my job as Social Media Manager?
1	What will happen if Donald Trump became the president of America?	What is the best way to get a government job?	What will happen now that President-elect Donald Trump has won the election?	What are the best places to visit in Kerala?	How can I make friend with foreign?	Why does a country need to win a medal at Olympics?
2	What is one of the biggest misconceptions people have about you?	How is tinnitus treated?	What are some things new employees should know going into their first day at Panhandle Oil & Gas?	What do you perceive to be the biggest misconception people have about you? Why do you think this misconception exists?	Why do people still believe in god in this day and age?	What is 1~888~633~5526 USA zoho support number for help?
3	Why didn't Ned Stark bring more men to the Tower of Joy?	How do I become more strategic?	If I theoretically reach the speed of light, does an observer see my clock as stopped? What if I theoretically surpass the speed of light?	How many times have safeties been scored in past Super Bowls?	Why did Ned Stark go to the Tower of Joy with so few men? Why not bring a small guard (say 20 more men) of loyal and discreet northerners?	Would a phone ringing bring someone out of REM sleep?
1	How can I introduce the surface area of cuboid by using real life situations?	Which is the best LG service center in kota for Led?	What are the applications of surface area in real life?	Should I confess to my crush or wait till right moment?	What is the purpose of the notes section in books?	What are the things which make every Indian proud?
3	How do you get better grades?	What's the worst game you ever played?	How can I find a job in Canada from India?	What do psychiatrists today really think of homosexuality in men?	How can I dramatically improve my grades?	What are some great business ideas that you wouldn't mind giving away for free?
2	What is operational research?	"If 110/70 is normal blood pressure, what is the normal range for the ""low number"" for a young female adult?"	What are the advantages of land pollution?	What is operations research?	What is the best question and answer you have ever seen in Quora?	How does Search Engine Optimization work?
1	What is your new year resolution, short term and long term goal for 2017?	How do I get more Facebook page like?	What will be your New Year's resolution for 2017?	What is the best thing about yourself, that has lead to your worst experiences in life?	What universities does Aaron's recruit new grads from? What majors are they looking for?	What career advice would you give to someone who wants to be a marketing analyst?
2	Is WIMPs incorrect? Will wave-particle duality ever be understood to be a particle and its associated wave in the strongly interacting dark matter?	Can she be the one?	How can I have the best sex?	Would Einstein and de Broglie have realized a strongly interacting dark matter is the medium for gravitational and wave-particle duality waves?	Why are vapor absorption refrigeration systems not used for domestic/small scale purposes?	What is the best martial art to use for self-defense and other practical situations? Why?
0	What will happen to the next Star Wars movies after Carrie Fisher's death?	What will Carrie Fisher's death mean for the next Star Wars movies?	How is tinnitus treated?	Should I change my major at UCLA?	What are P, NP, NP-complete, and NP-hard?	How can I get rid of black spots?
4	What is an analogy for a smooth ER?	How safe is the Oracle Arena?	Is consumption based GST good for Indian economy?	Hypothetical Scenarios: What will be the fate of our World and Universe in the future and how would it occur?	How ot use bootstrap framework in Java?	What is an analogy for smooth ER?
3	What is the market size of live chat support software?	Where can I find best quality photo booth service in Australia?	How will the banning of Rs. 500 and Rs. 1000 notes affect the economy?	What is the future of operating system?	What's the size of the live chat industry globally?	How long does a marijuana high last?
1	What is the best business to start in Bangalore?	How does tread on tyres affect traction? Why are slick tyres used in racing cars?	What is the best business in Bangalore to start up with?	How do I make a FaceTime call from my Mac?	Why do so many people dislike Nickelback?	What is the proper format of writing formal-informal letters (with resume), speeches, articles, and notices?
3	When and how did you become an atheist?	Are Uggs still in style?	Can new aircraft manufacturers like Mitsubishi innovate and create another Airbus/Boeing?	How can I earn money through YouTube?	When did you become an atheist?	What does an IDA pay scale basic pay of 9,760 rupees open ended +3% increment mean? What will be the gross salary from that basic pay?
4	Why does gst bill is important?	Does Diphenhydramine cause drowsiness? If so, why?	I love a girl and so does she. She is a Brahmin and I am not Brahmin. What should I explain to her parents?	How were New Horizons, Rosetta, Mars missions, and Juno aimed at their respective planets?	How do you write a U.S. number in international format?	What is the effect of GST bill on a common man?
1	Which aircraft was superior - the Douglas DC8 or the Boeing 707?	Is Diaspora launching or not?	Was the Douglas DC8 a superior aircraft to the Boeing 707?	Is sex important in love?	Which is the best book for learning Python 3 for absolute beginners?	What would decrease a material's thermal energy?
1	How can I expand my IQ?	What was your first kiss like? What happened?	What can I do to increase my IQ?	What do '...!' and '...?' mean?	What are the best ways to improve my writing skills in English?	What would have happened if Ned Stark was sent to Night’s Watch instead of being executed?
2	What does it mean when a girl take a day to reply to your text?	Does NSE certified NCFM adds value to one's CV?	Which is the best coaching institute for UGC-NET preparation in Delhi?	What does it mean when girls reply to a text a day after?	What do the Cobra Radar detector symbols mean?	What's dating in Seattle like? What is the dating culture in San Francisco like?
4	How can I stop myself from watching too much of porn?	What are the best cars for beginners?	How do I become a programmer in India?	What's your best memory in your childhood?	How was your day today? What have you been recently been thinking about?	How shall I stop watching porn?
4	What will be the effect of banning 500 and 1000 Rs notes on real estate sector in India? Can we expect sharp fall in prices in short/long term?	Could Europe have become a Muslim continent if it wasn't for crusades?	While using Law of Attraction, do we need to ask the universe only once or should we ask multiple times?	What are the ramifications of Modi's decision of the ban on ₹500 and ₹1000 notes?	How can you remove images from your mind that your young (20 year old) girlfriend has described vividly to you about her past sexual history, and get over them?	What will the real estate look like now after the 500 and 1000 scraping?
2	Is it worth it to pay for PhD from my pocket?	What is the difference between phase voltage and line voltage on a 3 phase transmission line?	What are the best ways to improve my writing skills in English?	Is it foolish to pay for your PhD out of your own pocket?	If someone takes a cellphone picture of me without my consent, how can I make sure that they've deleted it?	How do I get into Stanford with a poor GPA? C
0	What is the maximum file size that can be uploaded in Whatsapp?	What is the maximum file size on WhatsApp?	Is the crow the happiest bird?	What are the best books for Oracle?	How do I start an airport shuttle business?	What are the most historic moments in nephrology?
2	What are the best ways to learn to cook?	Why does gst bill is important?	Are women sexually attracted to testicles?	How do I learn to cook?	Why do people say Quora isn't a dating site when it has clearly brought couples together?	What is your review of TheSuggest.com?
1	Can a F1 student visa holder become a Uber driver in USA?	How is it like to touch huge boobs?	Can I drive for Uber with my H1-B work visa or F1 student visa in the US?	What is your new year resolution for 2017 or goal for 2017?	What happens if the next U.S. President resumes ban of Indian PM Modi’s entry to the U.S. due to his religional massacre when Modi was a CM?	What is the best programming language to learn first and why?
3	What was first word spoken by human?	How does one read optimize a SQL database?	How much money did Dick Cheney make from the wars in Iraq and Afghanistan?	What does a near death experience feel like?	What is the first word ever spoken?	Why does India perform so poorly at the Olympics?
4	Should I give my JEE Main exam offline or online?	What is greater than God, more evil than the devil; the poor have it, the rich need it, and if you eat it, you'll die?	What are the table manners in the military?	What should be my resolution for 2017?	Which members of Forbes 30 Under 30 have affiliations with UChicago?	Which mode is best for JEE MAIN 2017 online exam or offline?
1	How do men last longer in bed?	For how long can an infatuation last?	How do I last longer in sex?	What are the 5 top brilliant examples of strategy implementation?	What is ultimate purpose of life?	What can be a one stop book for UGC NET Paper 1?
1	Is literally infinite number of unique human DNAs possible?	What the purpose of life on earth?	What is the maximum number of genetically unique individuals that human genome allows?	What is dibasic acid?	Are love and sex two different things for men?	The USB debugging feature works only when my device is connected on PTP mode. It never works when my device is on MTP mode. What can be a solution to fix it?
4	What is motive of Mulayam Singh Yadav behind expelling Akhilesh Yadav from Samajwadi party?	What is Mild Steel and what are the various grades of mild steel in India?	How do I get to talk with a customer care executive of the ICICI bank?	Forgot my Facebook password and email password. How can I log into Facebook?	Will a DVD player play MP4 files?	Why did Mulayam Singh Yadav expel Akhilesh Yadav from the Samajwadi Party for 6 years?
4	What do you think of the decision by the Indian Government to demonetize 500 and 1000 rupee notes?	What makes a good engineering culture?	Is it necessary to go to gym to get good looking body?	Generated OTP multiple times over two days and have still not received the code. How do I get the Reliance Jio sim otherwise?	How do mountain ranges in Oklahoma differ from mountain ranges in Missouri?	Why is the government abruptly banning the 500 Rupees and the 1000 rupees currency notes in India?
0	Jim Morrison: What is so great about Jim Morrison?	What are some rare facts about Jim Morrison?	How do I make $1 million dollars in 30 days?	I cheated on a guy I was romantically involved with, what should I do?	What is the best method to bypass the K9 Web Protection? Is it possible to change its settings without a password?	Will Ilayathalapathy Vijay become chief minister of Tamil nadu in elections 2021?
2	Why do we need to philosophize?	What is the best white wine for cooking fish?	How do I score better on kaggle, which extra course should I take?	Why do we need to philosophize with others?	Why sex is important for life?	Why did Quora remove my question?
2	Does sperm count decreases due to masturbation?	What is the worst type of bullying?	How is Pokémon GO played?	Do sperm count decreases after masturbating?	What should I do when I often feel bored and aimless?	Is graphene a semiconductor?
2	Is there any way to recover e-mails that were deleted from a Gmail account?	How can I delete my own question from Quora?	I have offer letters from TCS and Directi. Which company should I join?	Is there anyway to retrieve my deleted emails from my Gmail account?	Should I buy a Honda jazz?	How do I focus on studies without getting distracted by my feelings for someone?
1	Is universal health care good? Why or why not?	What is white noise and how it is different with colored noise?	Should the U.S. implement a universal health care? Why or why not?	When you hide a Facebook post on your timeline, does your friend who posted it still see the post on your timeline? Or can they see that you hid the post?	What are the advantages of a dot matrix printer over a inkjet printer?	What are the facts about Martin Shkreli?
3	How do I find my own gmail accounts list?	What are the different levels of LinkedIn profile strength and how do you achieve them?	What are the major sociological perspectives?	What were the major contributions of the political leaders during WW1, and how are the compared to the ones during the Northern Wars?	How can you find all of your Gmail accounts?	What is the best passive investment strategy?
3	Where can I get sparkling and well maintained cleaning service in Sydney?	What are complementary colours to orange?	Is Bangladesh a friendly country to Pakistan?	How can I make money easily online? I am a student in India studying Computer Science Engineering and I have little knowledge of coding?	Where can I get cleaning services in Sydney?	What are some good horror movies?
4	Can Fast and Furious 7 gross $1 billion worldwide?	Can there be an alternative to curb black money other than demonitization?	Why do many people not wash their genitals after peeing since urine is considered defiled?	Does spa relieves stress?	What are the uses for celery salt?	Will Furious 7 be the first movie in the franchise to gross a billion dollars?
3	Do cruise missiles really exist, or are they a hoax?	If Ernest Hemingway were alive what might his beliefs about the world be?	How do you say no without saying the actual word - no?	What are the top songs played at weddings and funerals?	Do cruise missiles exist?	MacBook Pro (product): What's better: Core i7 2.0 GHz or Core i5 2.6 GHz?
3	Which is the best book for learning language c++?	My iPhone 5S screen has cracked, but the phone works. I am in Mumbai. Where can I get the screen repaired?	Which metal is used in an electric heater coil?	What is Quasi saturation in power BJT?	What is a good book for learning the basics of C++ programming?	How do I break security code in Nokia 103?
0	How can I increase the traffic on my website without investing?	How to increase my website Traffic?	What are some mind-blowing Drivers accessories that exist that most people don't know about?	How do I log in my Facebook account if you forgot your password?	How do l see who viewed my videos on Instagram?	How can the Cost of Goods Sold be negative?
0	What will be Barack Obama's legacy?	Based on what we know now, what will Barack Obama's historical legacy be?	How do I improve my English with creative writing skills?	Why is Rupee hitting low after demonetisation?	What is the best book for practicing Gre verbal?	How much are 4 tons of gold worth?
3	Why do so many people hate Hilary Clinton?	Is it safe to travel/visit Pakistan?	Why don't electric field lines form closed loops?	What is the meaning of name Anirudh?	What are the reasons that people dislike Hillary Clinton?	How does black money impact a nation's economy?
3	What was the happiest day of your life?	Is it ok to keep friendship with other cast girl inspite of my parents oppose it.she is my neighbor.just frndship?	Why is boiled water considered to be the same as distilled water?	How do I stop expecting from others?	What’s the happiest day of your life? Why?	What is a substrate? What are some examples?
2	How do l see who viewed my videos on Instagram?	What is the large hydrogen collider?	Why is water considered a pure substance?	How can I see who viewed my video on Instagram but didn't like my video?	Why do the loco pilots and the station guards wave green flags against each other when the train is crossing a station?	How can I improve my relationship with my friend?
3	Why is that the sky is so blue?	How do I go from $0 to $1,000,000?	Eating fish with milk?	Does the Eiffel Tower grow?	Why is the sky is blue?	Is Pulsar RS 200 good for touring/hilly roads?
3	What does Quora mean?	How does it feel to be unemployed and dating?	For exMormons, what would be the top five reasons to return to the Mormon church?	How do I can treat the clinical chronic sinusitis?	Does Quora stand for QUestion OR Answer?	Which country is the friendliest?
2	How can I learn English well in a short time?	What is wrong with Rashtriya Swayamsevak Sangh (RSS)?	What does chronicity mean?	How can I learn English in a short time?	How did you learn another language?	What is the best part of the movie “Mirzya”?
4	What should I do to make life worth living?	What kind of people study economics?	What are best classified sites in Iceland?	How do I file income tax return in India?	What is the best Facebook-like plugin for WordPress?	What makes life worth living?
3	How can I specifically improve my English?	If you have visited the Mumbai Film Festival, share your experience. Also, can you suggest a place for staying in Mumbai for a week?	Radio app development in Android?	What are some books that you wish you had read earlier that have had an impact on your life? Why?	How do I learn spoken English?	What is autoCAD architecture?
2	How can I stop eating junk and processed food addiction and stay healthy?	How do I remember effectively whatever I study?	Microbiology: Do negative ions kill fungi, bacteria, viruses and dust mites? How effective are these  devices?	How do I stop my cravings for junk food?	What is the best SQL query tool for a Mac?	What is the relationship between variance and standard deviation?
2	What can I do to improve my English speaking?	What colors mixed together make red?	How is the word 'globalization' used in a sentence?	How can I improve in English?	Is it important to have love in life?	What are the best Uber areas on GTA?
3	How can we eradicate corruption?	What according to you, is the meaning of life?	Do very hot men ever feel attracted to an ugly woman? Why?	What are the good universities in europe for studying MA in finance?	How can people’s participation eradicate corruption?	If the superfluid dark matter is what ripples when Galaxy clusters collide why wouldn't it be what waves in a double slit experiment?
3	What are the movies one should see?	Is my voice deep if a voice recorder records it as deep?	What are the things that you dont like in Quora?	"In 'His Last Vow', what does Mycroft mean by saying ""East wind is coming Sherlock, it's coming to get you""?"	What are the greatest movies I have to see?	I miss my family. What do I do?
3	What is an accurate way to calculate your IQ?	Is there a word for some one who cares about both animals and humans?	Why don't all women wear stockings?	Green Screen: Why is a scene shot in green background for animation or adding special effects?	What's the most accurate way to test my IQ?	If you have to place a mobile tower at your plot or house, how would you do it?
1	Is our PM Modi doing the correct thing with 500 and 1000 Rs notes?	What about civil engineering?	What do you think about ban on Rs. 500 and Rs. 1000 currency notes?	What is the best way to control one's mind?	What is the good approach to implement rest API either to go with Http status codes or creating custom error field by always returning 200?	Is it more financially advantageous to pay down mortgage principal instead of saving or investing?
1	Is it possible to choose your dreams?	Do people think that Maria Sharapova's grunt is extremely sexy and arouses fantasies of extreme orgasms?	How can I manipulate my dreams?	Why did America chose Hiroshima and Nagasaki to drop its atom bomb? Why did the US take such a big decision to bomb these two places knowing about its disastrous consequences?	What is an alternative way to log in to Facebook?	What is Quickbooks tech support number in Arizona?
0	Why is the firm's marginal cost curve equal supply curve?	How can supply curve tell about marginal cost?	Why is the change an important Apache tribe symbol? What does it mean?	What will be the effect of banning 500 and 1000 notes on gold rate and real estate?	How do I get a online job a real online job?	What Is Digital Media?
3	How can I see someone's private instagram account?	What do atheist swear upon in courts?	How do I find love in life?	What effect will Trump have on climate change?	How do I view someones's private instagram pictures?	Does masturbating after gym affect anything?
2	What would happen if America became a communist country?	I have had two failed marriages. I've been alone for two years. How do I meet someone else? I'm scared.	Is kissing in public in India a criminal offence?	What would happen if the USA became a communist country?	What are the best places to work in?	How can I become an investment banker in India?
3	What song do you like to sing along to most?	What's is cost of milk sold by farmers in India?	Should I get a 18-140mm Nikkor lens or 55-200mm?	What should we do after MBA?	What is one song you can't help but sing along to when it comes on?	What is the best easiest way to commit suicide for a teenager?
3	I have a drug test at 3 next tuesday, its friday. I stopped smoking meth today. will I pass my urine test?	Fruit: Why do oranges go rotten at different times even though they were picked and stored in the same way at the same time?	Which are the producers in a food chain?	Should I continue to work life long or retire now at age 57?	I've been smoking meth for about a year. How long will it be before I can pass a blood test?	What are some mind blowing tools and gadgets that mos't people dont know?
1	Why do so many people ask questions on Quora.com when they could easily find the answers themselves online?	What will the Trump presidency mean for us and the world?	Why do people ask basic questions instead of searching them?	"Why are hashtags such as ""killallmen"" allowed on Twitter when ""killallwomen"" would not be?"	What are amino acids composed of?	How can I turn on Find My iPhone if I don't have my phone?
1	What is the age when a person should ideally retire?	Will iPhone 5s receive iOS 10 upgrade?	What do you think is the best age to retire?	How can I buy a new car without being ripped off from dealers?	What causes pain at the side of the ribs?	How can you be fit?
0	How safe are the neighborhoods of Boston?	How safe is Boston?	What is ridge regression?	Is there a plot-hole in Harry Potter and the cursed child?	How is antiferromagnetism related to superconductivity?	What movies are the most entertaining ones of all time?
2	What is the best book for learning Java?	How are circulatory system tissues formed?	How can you lose weight really quick?	What would be the best book to begin with for Java?	Which are the most inspiring autobiographies?	What was the strangest thing you found cleaning out your parents’ house after they died?
1	What's the difference between cd and DVD?	Where does the water from the Great Lakes come from, and how does these lakes wildlife compare to Lake Geneva?	What is difference between CD and DVD?	How do I make my ass bigger for my boyfriend?	Although light beam bouncing between two plates inside a clock is often used to explain time dilation, how can other practical cases be explained?	What are the best Tinder hacks?
0	How can I lose weight effectively?	How do I lose weight from 70 to 50?	How do I study more efficiently on tough subjects?	Are vacuum fluctuations occuring because the energy in vacuum? Are these virtual particles?	What can cause a woman's period to be late?	Why do answers on Quora get collapsed?
0	How much does a MRI or CT scan of a head cost?	How much does a CT scan for the head cost?	Is there any difference between whipping cream and heavy cream?	How do I add pictures to questions on Quora?	How does CIBIL work?	Which countries are India's allies now?
3	Does masturbation causes pimples?	If I block my number and call someone but I get busy signal?	What are Unknown facts about India economy?	How is the transfer between two accounts in the same bank done?	How bad is masturbation and what are the bad effects?	"Can you translate ""et ducit mundum per luce"" from Latin to English, and explain what it means?"
4	How do I merge Informatica Code?	How do you train a kitten not to scratch?	What is the best book (in English) about the history of Japan?	Who is Grandmaster Shifu Shaurya Bharadwaj?	Who is the best investment banker to help on the sell side for a $10-$15MM software company?	How do I merge code in Informatica?
3	What should I do to earn money online?	Are Web developers also considered software developers?	Who would be a better president: Hillary Clinton or Donald Trump?	Why one shouldn’t watch movies?	I'm 18. How can I make money online?	Why doesn't Spotify work in India?
0	What are the best techniques for off-page SEO?	What are the best techniques used in Off Page SEO?	How do I get a flat belly?	How do I deposit/exchange Rs. 500/1000 notes in the Bay area (San Jose) California USA?	What is the best figure size of women?	How did yoga help you?
4	What are the best home remedies to get rid of cockroaches?	What are some ideas for stalls in college fest?	How do the holy scriptures of Hinduism compare and contrast to those of Buddhism?	What color should I paint my nails?	I am starting a gaming channel on YouTube. What is a good name for my channel?	What is the best home remedy to get rid of cockroaches?
3	What makes India different from all other countries in the world?	Which stream is better Java or AngularJS?	What are reviews for Starting Strength?	What are some of the best sales conversations?	Why is India unique? What does India have that other countries don't?	Why should we not eat eggs?
2	Why do we forget dreams so quickly?	If I have left a whats app group and not deleted that group. I want to change my number will the participants of the left group will me notified?	Can you review my blog and suggest edits?	Why do we forget our dreams so quickly?	What is the difference between a Systems Engineer and a Systems Administrator?	What is the difference between data science and data analysis?
2	If you are told that you have only 24 hours to live how you will spend it? With whom?	How do I forget someone whom I really love?	What are the job opportunities for M.tech nanotechnology student in DRDO?	If you had only 24 hours left to live, what would you do?	Which American actor or actress has appeared in the most movies?	Does Tesla Autopilot stop working when my hands aren’t on the steering wheel?
1	Why is my puppy vomiting white foam?	What or how is an IQ measured?	What should I do if my puppy throws up white foam?	Should I buy Hp Pavilion 15 AB516TX?	Which is the best SEO ‪Company‬ in ‪Delhi‬?	How can I study in USA?
2	Does Mike Wazowski blink or wink?	What does it mean when you have your menstrual cycle for two weeks?	Is Gst.gov.in website down?	Does Mike Wazowski blinks or wink?	How and where do I find startups looking for tech partners?	What would the United States look like today if George Washington had accepted the kingship of the country?
4	How do you start a private equity firm?	How different would the world be if there were no Great Britain?	If masturbation is good for health explain?	How do you perform a chemical test to identify water?	What are the biggest misconceptions about atheism?	How do I start a successful private equity firm?
2	How was Chinese and Japanese look before the nuclear attack?	How can I make TOR faster?	What is it like to be an electrical engineer?	How was Chinese and Japanese look like before the nuclear attack?	How do I jailbreak iOS 9.3.4?	What mean by alkali?
4	How can you make money with Instagram?	What will be the implications of banning 500 and 1000 rupees currency notes on Indian economy?	What is the ` (the character under the tilde) called and how can it be used in PHP programing?	Is it normal that as a trans woman, I hate being called a trans woman?	Does Hillary Clinton really want to start a war with Russia?	How do people make money from Instagram?
2	How do I post a question in quora?	Does it make sense to buy a rental car?	What does KIK mean in internet slang?	How can I ask my question on Quora?	A guy tried to approach me. I ignored him considering him as a creep but I realized him to be genuine a few months later, and now l think it's too late. What can I do?	When is 5G coming to India?
2	How can I continue to improve my English?	What is your review of University of Tampa?	What Sims 4 expansion packs are best?	How can I improve fluency in English?	What are the types of non-linearity in finite element analysis?	Why is the USA's economy better than other countries?
4	Why making a Time Machine is Impossible?	A and B can finish a work together in 12 days, and B and C together in 16 days. If A alone works for 5 days and then B alone continues for 7 days, then remaining work is done by C in 13 days. In how many days can C alone finish the complete work?	What song plays over the end credits to the 2002 movie Cypher?	Where is PIP?	Is tickling POWs acceptable according to the laws of war?	Can the idea of time machine be ever achieved in real?
0	Do you believe in ghosts? And why?	Do you believe in ghosts, Why?	What are the best motivational books for teenagers?	What are the data sources of LinkedIn big data architecture?	What are some Korean social network sites? How do they differ between each other?	Which place do you suggest to go for a date, Pondicherry or Goa?
2	I'm 27, is it too late for me to go to medical school?	How do foreigners think of China?	At the end of the day, what matters the most?	How old is too old to start medical school?	Which is the best coaching institute for UGC-NET preparation in Delhi?	Why is [math]c[/math] the speed limit of the universe. It seems so arbitrary. Is there a reason for this?
2	How can I upgrade my English Writing skills?	How was SSC CGL Tier 2 exam?	Why does light have a dual nature?	How can I improve my English vocabulary and writing skills?	Which is better for Masters in Computer science csu (California state university) San Bernardino or Dominguez hills or Channel Islands?	How do I write the first email to a professor that may accept me as his graduate student?
3	What does Hillary Clinton think of high-skill immigration?	Why do you want to leave your company?	What are the skills required to get a job in companies like TI,Qualcom in analog VLSI domain?	Is Donald Trump a closet Libertarian or Democrat?	What is Hillary Clinton’s stance on high skilled immigration?	Where can I watch suits season 5 for free?
4	You are president of the United States. What will you do in the 4 or 8 years of your presidency?	What's classy if you’re rich, but trashy if you're poor?	Where does our desire for freedom come from?	How can I get a rank in CA CPT?	Which laptop should I buy, Dell or HP?	What would you do if you are elected President of United States?
3	What are some amazing facts about Vladimir Putin?	Is watching too much porn bad for my health?	In merchandising how would you promote your product to customers?	How do I achieve in life?	What are some of the interesting facts about Vladimir Putin?	How do I retrieve old snapchat messages?
1	How can I upload my profile picture in Quora?	Are there coding bootcamps that offer scholarships to minorities?	How can I upload profile picture on Quora?	What are some of the worst prisons in the world? Both in the US and abroad?	How do I run shell scripts on Windows?	How electronics and instrumentation engineering is related to robotics?
4	Why is my period four days late?	What are some best dialogues in GVM movies?	How do you teach table manners to a one-year-old?	Should people over 93 not be allowed to vote?	What are some ways to send an email to yourself?	What could cause your period to be 14 days late other than pregnancy?
4	Are/were mermaids/mermen real?	Can you see who viewed your Instagram?	How can I make this connection in a circuit?	Can anyone solve the equation [math]x^{4}=x+1[/math]?	What are some functions of human cell membranes?	Are maremaids real?
3	What is the best Alabama SEO Company?	How do I start my preparation for the UPSC exam?	What are some chords to do for money?	How can I find true friends?	Which company is the best SEO in Alabama?	What will happen if India and Pakistan gets into war and who will win?
3	Why has Quora banned my real name account as fake?	How to get a job after 4 years of career break?	My computer will boot but won't load the homescreen. It only shows a black screen with only the mouse visible. What is the problem?	"Is there an Android app wherein two people can use a pin and make a deal sort of thing with tick check boxes? Like an ""I owe you one"" kinda thing?"	Why does Quora believe my name is fake?	What according to you, is the meaning of life?
0	What is the best way to encourage 4-5 year olds to play chess?	What is the best way to teach my 4-5 year old to play chess?	How do people think of having sex before marriage?	How did you quit masturbating?	Why didn’t we nuke China in the Korean War?	What is importance of studies class 11 in jee?
4	How can I become an investment banker in India?	Considering A, B, C are each one the side length of a triangle, how do you prove this?	What are some movies similar to The hunt (2012) and 12 angry men?	Which is best laptop to buy under 30k?	What are the different types of Bharatanatyam styles?	How do I become an investment banker in India?
1	How can I stop my hair fall?	What is the best thing that ever happened to you for being nice?	How can a teenager reduce hair fall?	Do you believe Donald Trump would be the worst president in the history of the United States of America?	Where does the water from the Great Lakes come from, and how does these lakes wildlife compare to lake Saimaa?	I always fall for guys who are out of my league. What should I do?
4	What's the best way to learn how to sing?	Should I learn two languages at the same time?	Why do I have difficulty going from a kneeling to a standing position?	What is the difference between a per annum interest rate and an interest rate as a percentage?	Can you buy ballsyic gel/targets in Australia?	How can I learn the ability to sing?
3	Why can't we crop (or have) any picture in shapes like circle instead of rectangular frame?	What is the most used programming language in finance (and when you're a quant)?	Why does quora mark my questions as needing improvement?	Can a Bcom graduate in India who is pursuing post graduate degree in economics through IGNOU apply for an economics internship?	How can we crop a picture into a circle form?	What's it like to have induced labor?
1	Who will win war between Russia and US?	Is it a crime to use insurance money for personal use instead of fixing my vehicle?	If USA goes to war against Russia tomorrow, who would be likely to win in the end, if any?	Is it possible to increase height after 25 using LOA? Anybody here has achieved this?	So my boyfriend had a seizure 6 days ago he's fine now but his right temple hurts like a migraine, what does this mean?	Which are the top universities in germany for electrical engineering?
0	How can I stop the urge to masturbate?	How do stop doing masturation?	How IS TO get into MIT?	What's the fastest physical transformation an actor has undergone for a movie or TV role?	Do European guys like Chinese girls?	How do I raise funding for my startup?
4	Why did the US invade Iraq in 2003?	Which private medical college can I get into with 342 marks?	What are some good ideas for suspense stories?	How can I get ready for the Marines Bootcamp, Stamina wise?	How close are we to a real Iron Man suit?	What led to the US invading Iraq in 2003?
1	How do you deal with the side effects regarding ProActiv products?	How can I impress a teenage girl?	What are the side effects for using Proactiv? How are the side effects treated?	How difficult is it for an IMG (Indian) to become a surgeon in the USA?	What is the most awkward situation you have ever been in, involving a girl?	How do I turn my Laptop into a hardware KVM for my Desktop?
3	How do I find out what I truly want in my life? It fluctuates!	"What are potential usages for creating an ""artificial cell"" such as giant unilamellar vesicles?"	What is the best hilarious joke you have ever heard?	Why do the stars in the sky flicker?	How can I improve myself and figure out what should I do with my life?	What would you observe (if at all possible to) in the 4th dimension?
3	What is the issue in Baluchistan?	Does it hurt to take out a tampon for the first time?	I just want 10 channels on my tata sky. How can I do that?	What is an agent?	What exactly is the issue of Baluchistan?	What is the future of digital marketing in India?
1	Can we get a dead person back to life?	What are the most popular goods exported from India to Dubai?	Can a dead person be brought back to life?	What is the best website of government jobs in India?	What is the key of success?	What is the best song ever to make a girl listen and fall for you immediately?
3	What do you hate on Quora?	What is Tinder?	How can I transfer files from my phone to PC without using a USB cable?	How is fordham finance program?(MSGF)	What is the one thing you hate about Quora?	How do I geolocate with a sim card?
0	How do I buy a bitcoin?	How do I buy Bitcoins?	Why do evolutionists lock questions asking for a way to falsify the theory of evolution?	Did the Cold War start before the II World War?	What are the best jokes out there?	What is a good (free) API for getting the current price of gold?
3	Who is Joy naron?	What is the difference between interest rate and discount rate in banking?	How should one start learning Python programming for electronics applications?	Who are the hottest pornstars of all time?	Joy naron stargazer?	Is it wrong for me, a 16 year old guy, to date a 14 year old girl if her parents are okay with it but my parents aren't?
2	Can a boy join the Indian armed forces after a BSc degree?	How can i connect with like minded Business enthusiasts who are willing to collaborate globally?	How can I study linguistics?	How to Join Indian Army,After Engineering?	How can I lose 28 pounds in 3 weeks in a safe way?	What are some of the evidences which proove that aliens do exist?
3	Have you ever encountered any supernatural phenomenon in your life?	Which is better, mechanical engineering or computer science?	Could California sink into the ocean after a huge earth quake?	How do I file for bankruptcy?	Have you ever faced any supernatural moment in your life?	What is best way to make money online?
3	Why do our voices sound different when we hear ourselves on a recording?	Is now the time to do a first strike on North Korea?	How do I find ackerman angle?	Which is the best book for preparation for CDS?	Why does my voice sound different when recorded?	Are comic books a dying medium?
1	Does Jane Austen favor education over nature as formative of a person's character in Pride and Prejudice? Why?	How can I forget someone whom I loved so deeply?	In Pride and Prejudice, are the Jane Austen privileges education over nature as the formative of a person's character?	How do I find out who login on my Gmail account?	Sex Tourism: Which city/country is the best legal bang for the buck?	What are the best Archer episodes?
0	Where can I watch free streaming movies online?	Where can I watch movies online for free?	My parents won't let me wear makeup until I'm 18, what should I do?	How do you get more views on your questions on Quora?	What can I major in after B.A Poli sci? Need not be in the politics field only.I'm interested in photography.	What are some good projects where a novice can make open source contribution?
0	What can hamsters eat besides hamster food?	Can hamsters eat peanuts? Are they harmful for them in any way?	What is your most memorable moment at your company?	Exact salary Structure for Senior software engineer at Morgan Stanley?	What is the heritability of autism?	Why are men attracted to women only?
1	What is the best way to give presentation?	Why do we get our brightest ideas in the shower?	How can I give a wonderful presentation?	How can I be successful in my life?	What individuals and events in history are a source of pride for São Tomé and Príncipe?	Could the following bike gear design be adequate for smoother gear shifting and less shear stress on chain?
2	How do you get rid of little red bugs in bed?	How much money do YouTubers make with 1 million views and above 10,000 subscribers? How much tax do they have to pay?	Do tall guys ever date short girls?	How can I get rid of bed bugs?	Is watching too much porn bad for my health?	How do a setup a home recording studio?
4	What's the most effective way to ask a question on Quora?	How do I add question details digitally on Quora?	What amount can we can survive on in Delhi?	How does barium react with water?	How do you get a free PSN generator with no surveys?	How do I ask a question on Quora properly?
4	What is the best way to lose weight and not gain it back?	If some girl dares me to ask her anything, what should I ask her without sounding like pervert?	What is the best place to visit in Kerala in June?	In what way is Darija (Moroccan Arabic) unique among various Arabic dialects?	Why is my Yorkie/Corgi mix afraid of cats?	How do I lose weight without quitting?
0	What is capital reduction?	What is capital reduction account?	Is downloading from torrent sites illegal in the USA? What happens if in case we downloaded one?	Closed captions on CNN are badly garbled and unreadable and have been that way for hours. Why can't CNN fix that in a timely manner?	Is time travel already possible on Earth?	USMLE or Indian PG exam?
1	Did anyone get called after the Google APAC 2017 University Test Round A held on 10th July, 2016?	I love science, but I hate maths. Is that bad?	Has anyone got an interview invite for Google APAC 2017 round 1?	What are the alcoholic beverages that are popular in India?	I completed my BE.During which I founded a successful IT service startupNow I want to work.due to my low academic I'm not getting any opportunities?	How can I increase traffic to my websites by Facebook?
3	What is the nicest thing that anyone has done for you?	How do I establish a cordial relationship with SIL?	How you can believe in history?	In what ways are current China (with one party) different/similar from ancient China (when emperors rule)?	What is the nicest thing anyone has ever done for you?	What is the minimum mass required to create a black hole?
2	What's the best Final Fantasy game?	How can a boy introduce himself to the judges at the freshier party?	What are easy ways to lose 500 calories a day?	What are the best Final Fantasy games?	How do I unreport a question on Quora?	"Which is correct, ""five hundred dollars"" or ""five hundred dollar""?"
0	How good is electrical engineering as optional for Civil Services Mains?	Is electrical engineering a good optional for Civil Services Mains?	What is the best site for downloading e-books?	Why did Buddhism spread in East Asia and not in its native land India?	Where can I get custom lanyard design in Melbourne?	What makes you happy about India?
2	Are the zeroes of the Riemann zeta function simple?	Why is it that if we trust someone blindly, they make us blind one day?	What should I do if I forgot my iCloud password?	Are all nontrivial zeros of the Riemann zeta function simple?	Could Donald Trump be a plant?	How can I really believe in Jesus?
1	After two years of Barch experience I am confused if I should directly take up masters (and leave my job) or do a correspondance?	What are some mind blowing Scooters gadgets that most people don't know?	After two years of Barch experience I am confused if I should directly take up masters (and leave my job) or do a correspondence degree?	What is the difference between the neo-classical and the Keynesian approach?	"What is the meaning of ""vital force theory"" in organic chemistry?"	Can we write viruses using C#?
2	Why is the USA's economy better than other countries?	Do you regret your marriage, and why?	What is the possibility of war between India and Pakistan after surgical operation?	Why is the USA richer than all other countries? How is that the US economy is better compared to others?	Do raw materials like coal and iron travel by train-only on land, or do they use trucks and planes too, like Amazon, Ebay, and Jet use?	Why did Sanskrit fail to become a suitable language for computers?
3	What are the pros and cons in the various sectors of the Indian economy by banning Indian Rupees of 500 and 1000 notes? What lead to this short notice by PM Narendra Modi?	On Facebook, how can I see who my followers are?	What is the best birthday gift for celebrities?	What do dogs dream about?	What is the main reason for discontinuing 500 and 1000 Rupees Note in India? What are the pros and cons of it?	Why are you, you? If not yourself, who would you be?
0	How does cannabis affect cancer?	Can cannabis oil cure cancer?	Who will be USA next president, Trump or Clinton?	What real changes have you felt in your lives (not via media reports), ever since the Modi government came to power?	Which are the best upcoming startups in India?	Which iPhone should I buy between iPhone 6 and 6S?
3	What are the best online or offline dictionary for chines people to learn English?	How is Randeep Hooda as a person in personal life?	How should one ask for an internship?	If there are no invading forces at our borders, how can we justify our $670 billion military expenses?	Is there any good online or offline dictionary for chines people to learn English?	Can anyone suggest me the best laptop under 35 k in India?
4	Why do we like life hacks so much?	Can meditation reduce the amount of sleep we need?	What does OR staff do when they have pain during surgery?	As many young people are addicted to their smartphone, taking their phone from them is not realistic. What should parents do? Let it go?	What is the best interview question?	Why are life hacks so popular?
2	Is onion juice mixed shampoo good for hAir growth?	"How good is ""it really works vitamins"" for dense and thick hair?"	Is reincarnation possible?	Is onion juice helpful for hair growth?	Why are Android versions always named after sweet items?	What does conversant do?
2	What is the funniest joke you ever heard?	Why do some people think that the Earth is flat when it is very clear that it is not?	How do I find someone on social media sites by email address?	Tell a joke that the funniest you have heard?	Does TypeScript support the ECMA script in AngularJS 2?	What is the English word for फ़जेती?
0	Which business is good start up in Hyderabad?	Which business is better to start in Hyderabad?	What is the poorest country in Asia, and how does its health system compare to the poorest country in Africa?	Is it true that every Rs. 2000 currency note is embedded with a *NGC (Nano GPS Chip). And what if this is true?	Ukrainian citizens, what is going over there? Our news says nothing about you.?	Is there a package in Python that can check if a string of letters is a word?
0	What do we have to do in life?	What do we have to do in our life?	Who does GST bill impact our life?	Why is religion bad?	Does time stop ever?	How can I build a new religion?
0	Is it difficult to jailbreak iOS 7?	Can you jailbreak iOS 7?	How can I be a good software engineer?	What can you learn from MS Dhoni?	How do you feel of being an Indian?	What are the different ways of digital marketing?
4	How do I tighten my loose vagina?	Where can I download free JEE book in pdf format?	How can I get 2 years time period of internships?	Consider the experiment of flipping three fair coins. Can P(HHH) =1.1?	How was education during the Japanese occupation like in Singapore?	What's the best way to tighten loose vagina?
2	How does sex for the first time feel like?	Why does the UK have an unwritten Constitution?	Where can I find free books?	How does having sex feel for the first time?	Is Singapore its own country?	Why is medical treatment costly in India?
0	Is it possible to run out of new music?	Will we ever run out of new music?	I have an unopened bottle of vodka in the freezer which lost volume. Did it leak or evaporate?	Could Trump win?	Why is Saltwater Taffy candy imported in Hong Kong?	Is developphp.com the best site for learning web designing?
4	Why do people ask questions on Quora that are easily answerable via a quick internet search?	What is my purpose in life? Why is there life on Earth?	Will people vote for Hillary Clinton because she is a woman?	"What is the origin of the phrase ""olly olly oxen free""?"	What are good ways to overcome dyslexia?	Why do so many people ask google-able questions on Quora?
1	What are the advantages of a wireless laptop adapter?	How do I get glowing healthy skin?	What are the advantages and disadvantages of using a wireless network adapter?	What is the hardest natural stone?	I am planning to go for ISO Auditor course and I am quite confused where to start from, Shall i start from Lead Implementer or Lead Auditor directly?	When was crystal sugar (one used regularly now) introduced in India?
2	How can you order Herbalife online?	Do irregular menstrual periods or age affect female fertility?	How can I get rid of a bad habbit?	Where is the best place to buy Herbalife products online?	Why isn't 0^0=1?	Can I change my university after going to Canada on student visa?
1	What do girls wish that guys knew?	Why do you lose weight in your face first?	What do women wish men knew?	What are your views on the Brexit?	Why do we have lips?	What are some great chemistry jokes?
2	Is Singapore its own country?	Why is there a white line on my gums?	Who created the Apple TV 4 screen savers?	Is Singapore a country?	Should I join the Marines? If so, why?	What are some of the best Hindi dubbed South Indian movies?
4	What is the best digital marketing course online for a beginner?	How come Hitler kept escaping all assassination attempts?	Is NoSQL faster than SQL?	Who are some lesser known important historical figures of Kenya and what should people know about them?	In what ratio does a child inherit their father's and mother's genetic traits?	What are the best online short courses in digital marketing?
3	Anybody willing to do online group study for cfa level 1 exam 2015? Let me know	Why do some people on QUORA ask questions that they can easily findout on Google?	How much money does the average Starbucks take in per day?	Why is Saltwater taffy candy imported in Switzerland?	How can I join Whatsapp group of CFA level 1 aspirants?	What are the best business ideas in India to start with Rs.5 lakh?
0	Where can adderalls be found in India, without prescription and without ADHD?	Can you get Adderall without a prescription in India?	What is the song in the link below?	How do you get over writer’s block?	Why is silver not considered a compound?	What are the best was to lose weight?
1	What has been your best sexual experience?	What is the most disgusting thing that happened to you?	What was the best sexual experience you've ever had?	Where are the best places to nap on Stanford's campus?	Is the musical 'Hamilton' overrated?	What are some of the ways to keep secrets?
2	What's the difference between the centre of gravity and the centre of mass?	How did the Big Bang actually happen?	Can you put the in fabric softener together with the detergent in the washing machine? What happens if you do?	What is the difference between centre of mass and center of gravity?	Do Asian parents view having children as a way to move up the socioeconomic ladder?	Are fleshlights any good?
3	What is a good first programming language to learn?	Should a car battery be removed if it's going to be parked for a month or more?	What universities does Catalent recruit new grads from? What majors are they looking for?	Sedimentology: How do tidal depositional environments show up on the sedimentary layer of a sedimentary rock?	What is the best programming language for learning programming from scratch?	Can my boyfriend and I be tourists in Singapore (or even live there) despite the fact that we are both male?
3	What does surgical strike means?	How can I get an online job as a programmer?	After being socially isolated for years, how can I start making friends at age 27?	If humans evolved from apes, why are there still apes?	What do you mean by surgical strike?	What's Stephen King's writing style?
2	Which topics on Quora are the most popular and have the most followers?	Do you think I will ever get a girlfriend or attract any women? Im a 20 year old virgin and I might end up single for life because I been call ugly?	How was SSC CGL Tier 2 exam?	What are the 50 topics with the most followers on Quora?	What are some of the biggest problems in Philippine public education?	Why do some materials melt while others burn?
0	How can I become a successful software engineer?	What do I truly need to learn and do to become a successful software engineer?	Will every student from iim will get a good salary job?	Which is a suitable inpatient drug and alcohol rehab center in Mchenry County IL?	How can I get rid of itchy welts on my arms and legs?	Which city would you like to live in China?
4	"What is the true definition of ""introvert""?"	How does the HP OfficeJet 4620 Airprint compare to the HP LaserJet Enterprise M606x?	How do you get out of boredom?	How can I get out from addiction?	What is it like to work at Imgur?	What is your definition of an introvert?
1	Is green tea effective for fat loss?	What are the expectations of parents from their children?	Does green tea really burn fat in body and help us to maintain good health?	How do I read someone's WhatsApp messages without any access to their mobile phone?	What Is the meaning of 210 MW unit of a power plant? In other words what does it means of 210 or 250 or 600 MW power plant?	Why does power factor increases when capacitor is introduced?
1	How can I stop watching porn videos?	I used a fake email and phone number for Snapchat and I forgot my password how can I get it back?	What should I do to stop watching porn completely?	Why are men attracted to women only?	What are some of the most accurate documentaries/movies on the Indian Independence struggle?	Do you belive in god?
4	Is platinum highly reactive?	Why do people watch Jerry springer? When is the best nip slips??!!!	How many times has LeBron James been to the NBA finals?	Can you evaluate B lines of a newly discovered magnetic function?	How can I get rid of a bad habbit?	Is platinum metal very reactive?
0	Are electrons made from quarks?	Are electrons made of quarks, what are they made of?	How should I know my purpose of life?	How can you prove that √7 is irrational?	What is the best passive investment strategy?	Is premium silver colour in Maruti baleno a great choice?
3	What does surgical strike mean?	Is it really true that Oreo biscuits have drugs or drug effects equivalent of cocaine?	Can one produce music while a student with an F-1 (student) visa?	Which is the best bank for a student in Nepal?	What is the meaning of surgical strike?	Can you see deleted Instagram posts?
0	What would be your New Year resolutions for 2017?	What are your New Years resolutions for 2017?	What are the best weight loss foods?	Is Northern Michigan University hard to get into?	What are the best engineering and medical entrance coaching centers in Kerala?	Can you suggest some good new year resolution's that anyone can implement for 2017 ?
0	How will releasing new 500 and 2000 rupee notes help in eradicating black money?	Why is the Indian government producing 2000 rupee note as it can be easily used for black money?	Are salted pumpkin seeds good for you?	How many cups of coffee a day can a person drink?	What does the French 'Mon Amour' mean in English?	How many hours you work in your job?
3	What is the meaning of imperialism?	Is immortality possible for human being?	How is Samsung Galaxy S7 compared to iPhone 6s Plus?	How does addiction work?	What is the definition of imperialism?	How much refund is given in the event of a cancellation of a RAC ticket after its chart has already been prepared?
2	What did you regret after graduating from college?	Are there people with real-life superpowers?	What is my weakness?	Is there somehting you regret after graduating from college?	How can I become more self-diciplined?	I have been allotted into Contact center project using VoiceXml.what is the scope of this technology?
0	What is the best food in the world?	What is the best food on earth?	How should I spend a 3 day trip to Goa?	What types of jobs can i get after doing MS in engineering management from top US universities and how much can i earn?	My partner started smoking again, behind my back. Why do I feel cheated on?	What universities does Triangle Petroleum recruit new grads from? What majors are they looking for?
1	Why doesn't anyone here answer my questions?	How many volts equal 1 kilowatt?	Why is no one giving me an answer to my questions?	What is a breezer?	How do I make ice cream at home?	What is the best browser for Mac OSX 10.6.8 now that Google are no longer going to support it?
3	What is the scariest paranormal experience you've ever had?	After 4 dates, he texts sporadically, has no urgency to see me + keeps changing his online profile pic/info. Is it safe to say he's not that into me?	How do I deal with a boss who plays favorites and does not acknowledge hard work of others who are not his/her favorite's?	What is the logic behind how Facebook Messenger lists out active friends?	What is the scariest paranormal experience you have ever had?	Does cannabis oil cure cancer? Or are the sellers hoaxing?
4	How do I deal with culture shock?	How close are we to time travel?	Should one invest if the IRR is less than 10%?	Tax analyast e and y?	What will happen if Donald Trump wins?	How can you overcome the depression, homesickness and anxiety of culture shock?
1	What is your earliest childhood memory?	The great scientist pleAse eradicate mosquitos I'm fed up enough is enough?	What is your earliest childhood memory that you can recall?	How do people who suddenly become rich handle friends and family who borrow/ask for money?	What are the most interesting products and innovations that Collectors Universe is coming out with in 2016?	What are the differences among gulfs, bays, harbors, and coves?
0	What are the best ways to solve a Rubik's Cube?	What's the trick to a Rubik's Cube?	Why sound cannot travel through vacuum?	Why do I get easily tired after random bursts of motivation or excitement for doing something that I like that requires work?	What and how do I prepare for the NTSE exam?	What Brand of Inverter Split units are marketed in the Caribbean and which are the leading brands by consumer preference?
0	What should I do to improve my English ?	How can I improve my communication skill and English proficiency?	Why are two bronze medals given  in Olympics boxing competition?	What are some best movies of all time?	Does a bullet train have wheels?	Can I install a custom Marshmallow ROM on my Gionee Pioneer P2S?
4	Is there a tutorial on how to use Quora?	What are the safety precautions on handling shotguns proposed by the NRA in Massachisetts?	What is the most daring thing you have done in your life?	Which U.S. Presidents only served one term?	Why isn't the media pursuing the rape allegations made against Donald Trump?	How do I start using Quora?
3	What are the easy ways to earn money online?	Why are we so obsessed with looking beautiful externally?	What is the best IDE for Centos?	What are the main differences between Messi and Cristiano Ronaldo?	What is the easy way to make money online?	Can I play wynk music files in another player?
1	How do people earn money from YouTube?	Where can I watch Dragon Ball Z episodes english dubbed?	How can I make money on YouTube?	Does Balaji Viswanathan personally know Satya Nadella?	What is social condition? What are some examples?	What universities have master's programs in applied psychology (clinical/counseling psychology) in Germany?
1	What are the best ways to improve my English because I'm not good in English?	What is the reason behind human existence on earth?	How do I improve my pronunciation in English?	Does Tom like Jerry?	What are the best Nespresso capsule flavors?	How are similes and metaphors used?
0	How can I see who viewed my Instagram video?	Why can't I see views on my Instagram videos?	What is your motivation in your daily life?	What are the best healthy snack ideas?	He keeps turning to look at me. If a guy does this, does that mean he's interested in you?	What is the most boring job of all time?
1	What does a civil engineer do?	Is it bad to do aerobic exercise everyday?	How does civil engineering work?	What are some of the experiences of a girl who approaches a boy for the first time?	What are the best acne home treatment?	What are some good hacks for formatting the Table of Contents in a Google Doc?
3	Do you think time travel is possible?	What is the corporate culture like at AEP Industries? How is the culture different than other companies?	What are the causes for the Coriolis effect?	What is convexity?	Is it possible to travel time with real life?	How do I stop feeling guilty after a love confession & repair a friendship?
2	What is the US presidential election process?	Up to what rank in GATE ECE can we expect a call from BARC for an interview?	What are the pros and cons of merger and acquisition?	What is the method of presidential election in USA?	Is it possible to stop masturbating?	How many time can one attempt for JEE Main in one year?
3	How can I stop masturbation?	What hotel in Srinagar Hill-station would be safe for unmarried couples, without the harassment of police, hotel staff, and moral police?	What are the most visited websites in Iran?	How can we earn money through online?	How do I stop masturbation and forget women?	Why were US carriers absent from Pearl Harbor on December 7, 1941, yet all the older, slower battleships were still there?
